{"cameraMode":{"drawMode":0,"name":"Shaded","section":"Shading Mode"},"sceneLighting":false,"audioPlay":false,"sceneViewState":{"showFog":false,"showMaterialUpdate":false,"showSkybox":false,"showFlares":false,"showImageEffects":false,"showParticleSystems":false},"in2DMode":false,"pivot":{"x":-0.03237593173980713,"y":0.7195899486541748,"z":0.0},"rotation":{"x":-0.01799747347831726,"y":0.014395399019122124,"z":0.00025903619825839996,"w":0.9997380375862122},"size":0.8660253882408142,"orthographic":false}