{"cameraMode":{"drawMode":0,"name":"Shaded","section":"Shading Mode"},"sceneLighting":false,"audioPlay":false,"sceneViewState":{"showFog":true,"showMaterialUpdate":false,"showSkybox":true,"showFlares":true,"showImageEffects":true,"showParticleSystems":true},"in2DMode":false,"pivot":{"x":1.0562183856964112,"y":0.2731533348560333,"z":-10.090856552124024},"rotation":{"x":-0.1463792771100998,"y":-0.2084323912858963,"z":0.031567711383104327,"w":-0.9665057063102722},"size":2.46146821975708,"orthographic":false}