{"cameraMode":{"drawMode":0,"name":"Shaded","section":"Shading Mode"},"sceneLighting":false,"audioPlay":false,"sceneViewState":{"showFog":false,"showMaterialUpdate":false,"showSkybox":false,"showFlares":false,"showImageEffects":false,"showParticleSystems":false},"in2DMode":false,"pivot":{"x":3.9635090827941896,"y":1.6446094512939454,"z":-3.535205841064453},"rotation":{"x":-0.021305935457348825,"y":-0.014399190433323384,"z":0.0003071672981604934,"w":-0.9996703863143921},"size":3.787132978439331,"orthographic":false}